id,no_partida,descripcion,created_at,updated_at
1,117,"FAJA DE PROTECCIÓN LUMBAR, FABRICADA EN FIBRAS SINTÉTICAS, TIRANTES AJUSTABLES, VARILLAS EN ESPALDA Y CINTURÓN AJUSTABLE CON CIERRE MEDIANTE VELCRO. SEGÚN MUESTRA AC04.","2026-03-31 11:48:04","2026-03-31 11:48:04"
2,137,"JUEGO DE IMPERMEABLE UNISEX TIPO DEPORTIVO, CONFECCIONADO EN TELA 100 % POLIÉSTER; CHAMARRA COLOR VERDE OLIVO, CON REFLEJANTE AL FRENTE A LA ALTURA DE LOS HOMBROS, Y EN ESPALDA, CON DOS BOLSAS LATERALES, CIERRE DE CARRO METÁLICO AL FRENTE PARA AJUSTE, RESORTE EN PUÑOS, CUELLO ALTO CON GORRO; PANTS COLOR NEGRO LISO, AJUSTE ELÁSTICO EN CINTURA, DOS BOLSAS LATERALES, REFLEJANTE AL FRENTE. SEGÚN MUESTRA AC102.","2026-03-31 11:48:04","2026-03-31 11:48:04"
3,138,"CHAMARRA IMPERMEABLE UNISEX TIPO DEPORTIVO, CONFECCIONADO EN TELA 100 % POLIÉSTER; CHAMARRA COLOR VERDE OLIVO, CON REFLEJANTE AL FRENTE A LA ALTURA DE LOS HOMBROS, Y EN ESPALDA, CON DOS BOLSAS LATERALES, CIERRE DE CARRO METÁLICO AL FRENTE PARA AJUSTE, RESORTE EN PUÑOS. SEGÚN MUESTRA AC107.","2026-03-31 11:48:04","2026-03-31 11:48:04"
4,140,"GUANTE DE LÁTEX 100% NATURAL, COLOR NEGRO DE USO INDUSTRIAL Y LABORATORIOS, PARA MANEJO DE ÁCIDOS Y PRODUCTOS QUÍMICOS, PUÑO ENROLLADO, PUÑO EXTRA LARGO PARA PROTECCIÓN DE ANTEBRAZO. SEGÚN MUESTRA AC26.","2026-03-31 11:48:04","2026-03-31 11:48:04"
5,141,"GUANTE DE LÁTEX NATURAL COLOR NARANJA, PUÑO LARGO Y SUPERFICIE DE PALMA ANTIDERRAPANTE, PARA LIMPIEZA DOMÉSTICA, DETERGENTES, JABONES Y PRODUCTOS QUÍMICOS LIGEROS. SEGÚN MUESTRA AC27.","2026-03-31 11:48:04","2026-03-31 11:48:04"
6,144,"GUANTES DE CARNAZA UNITALLA PARA SOLDADURA Y HERRERÍA, PUÑO LARGO PARA PROTECCIÓN EN ANTEBRAZO, CON FORRO INTERNO TEXTIL, PROTECCIÓN ADICIONAL CONTRA CHISPAS Y SALPICADURAS AL SOLDAR. SEGÚN MUESTRA AC37.","2026-03-31 11:48:04","2026-03-31 11:48:04"
7,146,"GUANTE DE CARNAZA COLOR AMARILLO UNITALLA, PUÑOS DE SEGURIDAD, IDEAL PARA MANEJO DE MATERIALES DE CONSTRUCCIÓN. SEGÚN MUESTRA AC39.","2026-03-31 11:48:04","2026-03-31 11:48:04"
8,153,"CUBRE BOCA EN BLANCO Y AZUL DE ALGODÓN, CON TRES PLIEGUES AL CENTRO PARA MEJOR AJUSTE, DE TELA NO TEJIDA DESECHABLE SELLADO AL CALOR PARA MAYOR PROTECCIÓN, BANDA ELÁSTICA. SEGÚN MUESTRA AC41.","2026-03-31 11:48:04","2026-03-31 11:48:04"
9,143,"GUANTE DE LÁTEX PARA EXPLORACIÓN ESTÉRIL, DESECHABLE, AMBIDIESTRO, ATOXICO EN COLOR NATURAL, PUÑO ENROLLADO, AJUSTE CÓMODO. SEGÚN MUESTRA AC42.","2026-03-31 11:48:04","2026-03-31 11:48:04"
10,147,"GUANTE DIELÉCTRICO COLOR AMARILLO, PIEL VACUNA, CON AJUSTADOR EN MUÑECA, MANEJO DE HERRAMIENTAS ELÉCTRICAS. SEGÚN MUESTRA AC49.","2026-03-31 11:48:04","2026-03-31 11:48:04"
11,150,"GUANTE PARA MOTOCICLISTA COLOR NEGRO, CONFECCIONADO EN 60% POLIÉSTER 20% NYLON 20% POLIVINILO, DISEÑO DEPORTIVO, RESISTENTES A LA ABRASIÓN, PROTECCIÓN EN NUDILLOS, ANTIDERRAPANTE EN PALMA Y AJUSTE EN LA MUÑECA DE VELCRO. SEGÚN MUESTRA AC53.","2026-03-31 11:48:04","2026-03-31 11:48:04"
12,132,"CASCO PARA MOTOCICLISTA EN COLOR NEGRO MATE, RENDIJA DE VENTILACIÓN EN LA PARTE SUPERIOR, ABATIBLE, MICA TRANSPARENTE DE POLICARBONATO, LENTE OBSCURO INTEGRADO DE POLICARBONATO, ANTIRAYADURAS, INTERIOR ACOJINADO, BROCHE MILIMÉTRICO PARA AJUSTE, CUMPLE CON LA CERTIFICACIÓN DOT FMVSS NO 218.  SEGÚN MUESTRA AC65.","2026-03-31 11:48:04","2026-03-31 11:48:04"
13,100,"MOCHILA ERGONÓMICA COLOR GRIS COMPOSICIÓN 100% NAILON, FORRO 100% POLIÉSTER, CUATRO COMPARTIMIENTOS CON CIERRE, CON ESPACIO PARA LAPTOP, ASA SUPERIOR, RESPALDO Y TIRANTES ACOJINADOS, DOS BOLSAS LATERALES CON MALLA. LOGO EN PARTE DELANTERA. SEGÚN MUESTRA AC68.","2026-03-31 11:48:04","2026-03-31 11:48:04"
14,101,"MOCHILA ERGONÓMICA COLOR AZUL ACERO, COMPOSICIÓN 100% NAILON, FORRO 100% POLIÉSTER, CUATRO COMPARTIMIENTOS CON CIERRE, ASA SUPERIOR, RESPALDO Y TIRANTES ACOJINADOS, DOS BOLSAS LATERALES CON MALLA. LOGO EN PARTE DELANTERA. SEGÚN MUESTRA AC72.","2026-03-31 11:48:04","2026-03-31 11:48:04"
15,142,"GUANTE DE LÁTEX COLOR NEGRO PARA TRABAJOS DE PINTADO Y ACTIVIDADES DE AGRICULTURA, INTERIOR AFELPADO CON PUÑO LARGO. SEGÚN MUESTRA AC74.","2026-03-31 11:48:04","2026-03-31 11:48:04"
16,158,"JUEGO DE PROTECCIÓN UNISEX PARA MOTOCICLISTA 100% POLIÉSTER, COMPUESTO DE: CHAMARRA Y PANTALÓN. CHAMARRA:  CON VENTILACIÓN EN HOMBROS Y ESPALDA PARTE ALTA, CIERRE DE CARRO METÁLICO AL FRENTE PARA AJUSTE Y VELCRO EN CUELLO PARA AJUSTE, AJUSTE DE PUÑOS EN VELCRO Y CIERRE, PROTECCIÓN EN HOMBROS, ANTE BRAZOS Y ESPALDA, DOS BOLSILLOS AL FRENTE A LA ALTURA DEL ABDOMEN CON CIERRE, DOS BOLSAS INTERNAS, TIPO PARCHE Y CON CIERRE, AJUSTE DE CINTURA CON VELCRO Y CIERRE. PANTALÓN:  PROTECCIONES EN MUSLO Y RODILLAS, DOS BOLSAS AL FRENTE CON CIERRE, AJUSTE DE CIERRE, VELCRO Y BROCHE AL FRENTE, CINTURA CON RESORTE Y AJUSTE DE VELCRO, AJUSTE DE TOBILLO CON VELCRO, VENTILACIÓN EN AMBAS PIERNAS. SEGÚN MUESTRA AC76.","2026-03-31 11:48:04","2026-03-31 11:48:04"
17,98,"GORRA TIPO BEISBOLERA EN COLOR AZUL JASPEADO, CONFECCIONADA EN 100% ALGODÓN, SEIS GAJOS CON OJILLOS BORDADOS, VISERA RÍGIDA COLOR CAFÉ, AJUSTE METÁLICO EN PARTE TRASERA. SEGÚN MUESTRA AC88.","2026-03-31 11:48:04","2026-03-31 11:48:04"
18,69,"BOTA PARA CABALLERO COLOR NEGRO, CORTE VACUNO ACABADO PIEL TEXTURIZADO, FORRO TEXTIL ACOJINADO, SUELA SINTÉTICA COLOR GRIS, DOCE OJILLOS METÁLICOS, AJUSTE DE AGUJETA COLOR NEGRO, BULLÓN ACABADO NOBUK, PESPUNTES VISIBLES, GRABADO DE LOGO EN PARTE EXTERIOR, TALÓN CON DETALLE TEXTURIZADO. SEGÚN MUESTRA BC02.","2026-03-31 11:48:04","2026-03-31 11:48:04"
19,71,"BOTA PARA CABALLERO COLOR CAFÉ, CORTE VACUNO, ACABADO PIEL TEXTURIZADA, FORRO TEXTIL ACOJINADO, SUELA SINTÉTICA COLOR NEGRO, CON BULLÓN TEXTIL COLOR CAFÉ, 12 OJILLOS METÁLICOS COLOR NATURAL, AJUSTE DE AGUJETA COLOR CAFÉ, PESPUNTES VISIBLES, GRABADO DE LOGO EN LA PARTE EXTERIOR, RESPIRADORES EN LATERALES. SEGÚN MUESTRA BC13.","2026-03-31 11:48:04","2026-03-31 11:48:04"
20,72,"BOTA PARA CABALLERO COLOR CAFÉ, CORTE SINTÉTICO FORRO TEXTIL, SUELA SINTÉTICA COLOR OLIVO, SEIS CINTAS TEXTILES PARA AJUSTE, CUATRO GANCHOS METÁLICOS, AJUSTE DE AGUJETAS COLOR NEGRO Y BLANCO, BULLÓN SUPERIOR SINTÉTICO, ACABADO TEXTURIZADO CON CINTA PARA FACILITAR CALZADO, PESPUNTES VISIBLES, FORRO INTERIOR ACOJINADO, GRABADO DE LOGO EN LA PARTE EXTERIOR. SEGÚN MUESTRA BC18.","2026-03-31 11:48:04","2026-03-31 11:48:04"
21,74,"BOTA PARA CABALLERO COLOR MIEL, CORTE VACUNO, ACABADO PIEL TEXTURIZADA, FORRO TEXTIL ACOJINADO, SUELA SINTÉTICA COLOR NEGRO, BULLÓN ACABADO TEXTURIZADO, CINTA PARA FACILITAR EL CALZADO, CATORCE OJILLOS METÁLICOS, AJUSTE DE AGUJETA EN COLOR ARENA, GRABADO DE LOGO EN LA PARTE EXTERIOR, PESPUNTES VISIBLES. SEGÚN MUESTRA BC34.","2026-03-31 11:48:04","2026-03-31 11:48:04"
22,75,"BOTA PARA CABALLERO COLOR VERDE OLIVO, CORTE VACUNO ACABADO NOBUK, FORRO TEXTIL ACOJINADO, SUELA SINTÉTICA COLOR ARENA, SEIS HERRAJES, DOS GANCHOS METÁLICOS Y DOS CINTAS TEXTILES PARA AJUSTE, AJUSTE DE AGUJETAS COLOR ARENA, BULLÓN SUPERIOR SINTÉTICO ACABADO TEXTURIZADO CON CINTA PARA FACILITAR CALZADO, PESPUNTES VISIBLES, GRABADO DE LOGO EN LENGÜETA. SEGÚN MUESTRA BC35.","2026-03-31 11:48:04","2026-03-31 11:48:04"
23,78,"BOTA PARA DAMA COLOR NEGRO, CORTE VACUNO ACABADO PIEL NOBUK, FORRO TEXTIL ACOJINADO, SUELA SINTÉTICA COLOR NEGRO, BULLÓN TEXTIL, DIEZ OJILLOS METÁLICOS PERFORADOS, AGUJETA COLOR NEGRO, PESPUNTES VISIBLES, CINTA PARA FACILITAR EL CALZADO, GRABADO DE LOGO EN LA PARTE EXTERIOR. SEGÚN MUESTRA BD05.","2026-03-31 11:48:04","2026-03-31 11:48:04"
24,79,"BOTA PARA DAMA COLOR GRIS OXFORD, CORTE SINTÉTICO ACABADO NOBUK, FORRO TEXTIL ACOJINADO, SUELA SINTÉTICA COLOR NEGRO Y GRIS, BULLÓN TEXTIL, DIEZ OJILLOS METÁLICOS, CUATRO GANCHOS METÁLICOS, AGUJETA COLOR GRIS, GRABADO DE LOGO EN LA PARTE EXTERIOR. SEGÚN MUESTRA BD07.","2026-03-31 11:48:04","2026-03-31 11:48:04"
25,81,"BOTA PARA DAMA COLOR NEGRO CORTE VACUNO, ACABADO PIEL LISA, SIN FORRO, SIN BULLÓN SUELA SINTÉTICA CON TACÓN COLOR NEGRO, AJUSTE DE RESORTE EN LATERALES, PESPUNTES VISIBLES, CINTA PARA FACILITAR CALZADO, GRABADO DE LOGO EN LA PARTE EXTERIOR.  SEGÚN MUESTRA BD17.","2026-03-31 11:48:04","2026-03-31 11:48:04"
26,84,"BOTA PARA DAMA COLOR CAFÉ, CORTE VACUNO, ACABADO PIEL TEXTURIZADA, FORRO TEXTIL ACOJINADO, SUELA SINTÉTICA COLOR CHOCOLATE, PLANTILLA DE CERDO, AJUSTE DE CIERRES EN LATERALES, BULLÓN ACABADO NOBUK, CON CINTA PARA FACILITAR EL CALZADO, PESPUNTES VISIBLES. SEGÚN MUESTRA BD39.","2026-03-31 11:48:04","2026-03-31 11:48:04"
27,108,"BATA UNISEX TIPO INDUSTRIAL MANGA LARGA EN COLOR AZUL MARINO, CONFECCIONADO EN GABARDINA100% ALGODÓN, CUELLO CON SOLAPA, ALETILLA Y CUATRO BOTONES PARA CERRAR LA PRENDA, TRES BOLSILLOS AL FRENTE, ABERTURAS LATERALES, CINTA TRASERA CON DOS BOTONES. SEGÚN MUESTRA BI01.","2026-03-31 11:48:04","2026-03-31 11:48:04"
28,109,"BATA UNISEX TIPO INDUSTRIAL MANGA LARGA EN COLOR GRIS OXFORD, CONFECCIONADO EN GABARDINA 100% ALGODÓN, CUELLO CON SOLAPA, ALETILLA Y CUATRO BOTONES PARA CERRAR LA PRENDA, TRES BOLSILLOS AL FRENTE, ABERTURAS LATERALES, CINTA TRASERA CON DOS BOTONES. SEGÚN MUESTRA BI02.","2026-03-31 11:48:04","2026-03-31 11:48:04"
29,52,"BLAZER PARA DAMA COLOR AZUL MARINO, CONFECCIONADO EN TELA 100% POLIÉSTER, FORRO 100% POLIÉSTER, DOS BOLSAS SIMULADAS AL FRENTE TIPO OJAL, UN BOTÓN DE AJUSTE, PINZAS AL FRENTE Y ESPALDA, TRES BOTONES DE ADORNO EN CADA PUÑO. SEGÚN MUESTRA BL01.","2026-03-31 11:48:04","2026-03-31 11:48:04"
30,29,"BLUSA DE VESTIR PARA DAMA SIN MANGA, COLOR FUCSIA, CONFECCIONADA EN TELA 100% POLIÉSTER, CUELLO TIPO SPORT CON CINTA DECORATIVA, ESCOTE EN “V”, FALDÓN SEMI CURVO, CORTE CON SILUETA. SEGÚN MUESTRA BV10.","2026-03-31 11:48:04","2026-03-31 11:48:04"
31,30,"BLUSA DE VESTIR PARA DAMA MANGA LARGA, COLOR AZUL MULTI DEGRADADO, CONFECCIONADA EN TELA 100% POLIÉSTER, CUELLO TIPO SPORT, ESCOTE EN “V”, CUATRO BOTONES AL FRENTE COLOR PLATA, PINZA EN LA PARTE TRASERA, PUÑOS FUSIONADOS CON UN BOTÓN DE AJUSTE COLOR PLATA PLIEGUES EN MANGA. SEGÚN MUESTRA BV30.","2026-03-31 11:48:04","2026-03-31 11:48:04"
32,31,"BLUSA DE VESTIR PARA DAMA MANGA CORTA, COLOR BLANCO, LÍNEAS EN COLOR ROJO Y GLITTER, CONFECCIONADA EN TELA 50% ALGODÓN 50% POLIÉSTER CUELLO TIPO ""V"" DOS PINZAS A LA ALTURA DEL PECHO, DOS PINZAS EN LA PARTE TRASERA. SEGÚN MUESTRA BV42.","2026-03-31 11:48:04","2026-03-31 11:48:04"
33,32,"BLUSA DE VESTIR PARA DAMA, COLOR VERDE, COMPOSICIÓN 100% POLIÉSTER, MANGA CORTA CON OLÁNES, ESCOTE EN “V” CON CINTA DE AJUSTE, PLIEGUES AL FRENTE A LA ALTURA DEL PECHO, BOTONES DECORATIVOS EN ESCOTE, FALDÓN SEMI CURVO. SEGÚN MUESTRA BV57.","2026-03-31 11:48:04","2026-03-31 11:48:04"
34,33,"BLUSA DE VESTIR PARA DAMA COLOR BLANCO, MANGA LARGA CONFECCIONADA EN TELA 70% POLIÉSTER 30% ALGODÓN, CUELLO TIPO SPORT CON ESCOTE EN ""V"" BIES COLOR BLANCO CON DETALLES PUNTEADO MULTICOLOR, CINCO BOTONES AL FRENTE PARA AJUSTE Y BOTÓN DE REPUESTO, BOLSA EN PECHO LADO IZQUIERDO, DOS PINZAS AL FRENTE Y DOS PINZAS EN PARTE TRASERA. MANGA FUSIONADA CON 3 BOTONES DE AJUSTE, DETALLE EN MANGA PUNTEADO MULTICOLOR, PLIEGUES EN MANGA, APERTURA AL COSTADO. SEGÚN MUESTRA BV69.","2026-03-31 11:48:04","2026-03-31 11:48:04"
35,49,"CHALECO PARA DAMA COLOR VERDE, CONFECCIONADO EN TELA 100% POLIÉSTER, FORRO POLIÉSTER, CAPITONEADO EN ROMBOS, DOS BOLSILLOS AL FRENTE CON CIERRE Y BIES PLÁSTICO A LA ALTURA DEL ABDOMEN, CIERRE DE CARRO METÁLICO CON BIES PLÁSTICO EN COLOR NEGRO AL FRENTE, AJUSTE ELÁSTICO EN CINTURA CON TOPE METÁLICO, CUELLO TIPO SPORT. SEGÚN MUESTRA CHALD20.","2026-03-31 11:48:04","2026-03-31 11:48:04"
36,36,"CHAMARRA DE CABALLERO COLOR AZUL MARINO, CONFECCIONADO EN TELA 100% POLIÉSTER, FORRO POLIÉSTER, DOS BOLSILLOS DELANTEROS A LA ALTURA DEL ABDOMEN, CIERRE DE CARRO METÁLICO AL FRENTE, CUELLO TIPO SPORT FUSIONADO CON BOTÓN DE AJUSTE PLÁSTICO, PUÑOS FUSIONADOS CON BOTÓN DE AJUSTE PLÁSTICO, PRETINA CON RESORTE, BOLSILLO INTERNO OCULTO LADO IZQUIERDO A LA ALTURA DEL PECHO. SEGÚN MUESTRA CHC03.","2026-03-31 11:48:04","2026-03-31 11:48:04"
37,37,"CHAMARRA DE CABALLERO COLOR AZUL MARINO CON DETALLE EN LÍNEAS PUNTEADAS, CONFECCIONADA EN TELA 100% POLIÉSTER, REPELENTE AL AGUA, FORRO POLIÉSTER, DOS BOLSILLOS DELANTEROS A LA ALTURA DEL ABDOMEN, CIERRE DE CARRO METÁLICO AL FRENTE, TEJIDO EN PUÑOS Y PRETINA COLOR GRIS, ROJO Y MARINO, BOLSA OCULTA LADO IZQUIERDO A LA ALTURA DEL ABDOMEN, CUELLO ALTO. SEGÚN MUESTRA CHC08.","2026-03-31 11:48:04","2026-03-31 11:48:04"
38,38,"CHAMARRA DE CABALLERO COLOR AZUL MARINO CON DETALLE EN LÍNEAS PUNTEADAS, CONFECCIONADA EN TELA 100% POLIÉSTER, FORRO POLIÉSTER, DOS BOLSILLOS DELANTEROS A LA ALTURA DEL ABDOMEN, CIERRE DE CARRO METÁLICO AL FRENTE, TEJIDO EN PUÑOS Y PRETINA COLOR AZUL MARINO, BOLSA OCULTA LADO IZQUIERDO A LA ALTURA DEL ABDOMEN, CUELLO ALTO. SEGÚN MUESTRA CHC16.","2026-03-31 11:48:04","2026-03-31 11:48:04"
39,39,"CHAMARRA DE CABALLERO COLOR AZUL ACERO, CONFECCIONADO EN TELA 100% POLIÉSTER, REPELENTE AL AGUA, FORRO POLIÉSTER, DOS BOLSILLOS DELANTEROS A LA ALTURA DEL ABDOMEN, CIERRE DE CARRO METÁLICO AL FRENTE, TEJIDO EN CUELLO PUÑOS Y PRETINA, BOLSA OCULTA LADO IZQUIERDO A LA ALTURA DEL PECHO. SEGÚN MUESTRA CHC21.","2026-03-31 11:48:04","2026-03-31 11:48:04"
40,40,"CHAMARRA PARA DAMA COLOR OLIVO, CONFECCIONADA EN TELA 100% POLIÉSTER, REPELENTE AL AGUA, FORRO POLIÉSTER, DOS BOLSILLOS AL FRENTE TIPO FLAP CON DOS BROCHES METÁLICOS CADA UNO, CIERRE DE CARRO METÁLICO AL FRENTE, CUELLO ALTO, GORRO CON AJUSTE ELÁSTICO CON TOPE PLÁSTICO EN CUELLO. SEGÚN MUESTRA CHD04.","2026-03-31 11:48:04","2026-03-31 11:48:04"
41,41,"CHAMARRA DE DAMA COLOR AZUL ACERO, CONFECCIONADA EN TELA 100% POLIÉSTER, REPELENTE AL AGUA, FORRO POLIÉSTER, CAPITONEADO EN HORIZONTAL, DOS BOLSILLOS DELANTEROS CON DOS BROCHES METÁLICOS CADA BOLSA, CIERRE DE CARRO METÁLICO AL FRENTE, AJUSTE ELÁSTICO CON TOPE EN GORRO, CIERRES Y BROCHE METÁLICO PARA DESMONTAR. SEGÚN MUESTRA CHD06.","2026-03-31 11:48:04","2026-03-31 11:48:04"
42,42,"CHAMARRA PARA DAMA COLOR BEIGE, CONFECCIONADA EN TELA POLIAMIDA REPELENTE AL AGUA, FORRO POLIAMIDA, RELLENO POLIÉSTER, CAPITONEADO HORIZONTAL, DOS BOLSILLOS AL FRENTE, CIERRE DE CARRO METÁLICO AL FRENTE, CUELLO ALTO, CORTE CON SILUETA, BOLSA OCULTA A LA ALTURA DEL ABDOMEN DE LADO DERECHO, BOLSA PARA FACILITAR SU GUARDADO. SEGÚN MUESTRA CHD11.","2026-03-31 11:48:04","2026-03-31 11:48:04"
43,43,"CHAMARRA PARA DAMA COLOR AZUL CIELO, CONFECCIONADA EN TELA 100% POLIAMIDA, REPELENTE AL AGUA, FORRO POLIAMIDA, RELLENO POLIÉSTER, CAPITONEADO HORIZONTAL, DOS BOLSILLOS AL FRENTE CON DOS BROCHES DE PRESIÓN EN CADA BOLSA COLOR CIELO, CIERRE DE CARRO METÁLICO AL FRENTE, CUELLO ALTO. SEGÚN MUESTRA CHD15.","2026-03-31 11:48:04","2026-03-31 11:48:04"
44,87,"CONJUNTO DE 3 PIEZAS PARA DAMA: SACO CONFECCIONADO EN TELA POLIÉSTER, FORRO POLIÉSTER, CUELLO TIPO MAO CON BIES AZUL MARINO, COLOR BLANCO CON DETALLES MULTICOLOR, DOS BOLSAS SIMULADAS AL FRENTE A LA ATURA DEL ABDOMEN, PINZAS AL FRENTE A LA ALTURA DEL PECHO, TRES COSTURAS EN LA PARTE DE ATRÁS. PANTALÓN: CONFECCIONADO EN TELA 93% P0LIESTER 7% ELASTANO, COLOR AZUL REY, CORTE RECTO, DOS PINZAS EN LA PARTE DE ATRÁS A LA ALTURA DE LA CADERA. BLUSA: CONFECCIONADA EN TELA 100% POLIÉSTER, COLOR BLANCO, CUELLO REDONDO, MANGA CORTA, ENCAJE DECORATIVO AL FRENTE, CINTAS DE AJUSTE EN CINTURA. SEGÚN MUESTRA CP03.","2026-03-31 11:48:04","2026-03-31 11:48:04"
45,21,"CAMISA DE VESTIR MANGA LARGA PARA CABALLERO COLOR AZUL MARINO, LISA, COMPOSICIÓN 100% POLIÉSTER, CUELLO FUSIONADO, PUÑOS FUSIONADOS CON DOBLE BOTÓN DE AJUSTE, SIETE BOTONES DE AJUSTE EN COLOR AZUL REY, FALDÓN CURVO, BOLSILLO A LA ALTURA DEL PECHO LADO IZQUIERDO. SEGÚN MUESTRA CV10.","2026-03-31 11:48:04","2026-03-31 11:48:04"
46,22,"CAMISA DE VESTIR MANGA LARGA PARA CABALLERO COLOR ARENA, DISEÑO TIPO JASPEADO, COMPOSICIÓN 60% POLIÉSTER 40% ALGODÓN, CUELLO FUSIONADO, PUÑOS FUSIONADOS CON DOBLE BOTÓN DE AJUSTE, SIETE BOTONES DE AJUSTE EN COLOR BLANCO CON CAFÉ, FALDÓN CURVO, UN BOTÓN DE REPUESTO, BOLSILLO A LA ALTURA DEL PECHO LADO IZQUIERDO. SEGÚN MUESTRA CV13.","2026-03-31 11:48:04","2026-03-31 11:48:04"
47,23,"CAMISA DE VESTIR MANGA LARGA PARA CABALLERO COLOR AZUL MARINO, DISEÑO A CUADROS EN COLORES MOSTAZA Y BLANCO, COMPOSICIÓN 60% POLIÉSTER 40% ALGODÓN, CUELLO FUSIONADO, PUÑOS FUSIONADOS CON DOBLE BOTÓN DE AJUSTE, SIETE BOTONES DE AJUSTE EN COLOR MOSTAZA, FALDÓN CURVO, DOS BOTONES DE REPUESTO, BOLSILLO A LA ALTURA DEL PECHO LADO IZQUIERDO. SEGÚN MUESTRA CV21.","2026-03-31 11:48:04","2026-03-31 11:48:04"
48,24,"CAMISA DE VESTIR MANGA LARGA PARA CABALLERO COLOR BLANCO, ESTAMPADO DE LÍNEAS EN COLOR AZUL FRANCIA, AZUL REY Y AZUL MARINO, COMPOSICIÓN 100% ALGODÓN, CUELLO FUSIONADO, PUÑOS FUSIONADOS CON DOBLE BOTÓN DE AJUSTE, SIETE BOTONES DE AJUSTE EN COLOR AZUL FRANCIA, FALDÓN CURVO, DOS BOTONES DE REPUESTO, BOLSILLO A LA ALTURA DEL PECHO LADO IZQUIERDO. SEGÚN MUESTRA CV36.","2026-03-31 11:48:04","2026-03-31 11:48:04"
49,85,"FALDA DE VESTIR PARA DAMA COLOR GRIS OXFORD, COMPOSICIÓN 65% POLIÉSTER 35% ACRÍLICO, CORTE RECTO, DOS PINZAS AL FRENTE Y ATRÁS, APERTURA TRASERA, CIERRE METÁLICO CON BOTÓN PLÁSTICO COLOR NEGRO, EN LA PARTE DE ATRÁS, BOLSAS EN DIAGONALES LATERALES. SEGÚN MUESTRA FV02.","2026-03-31 11:48:04","2026-03-31 11:48:04"
50,88,"JUEGO DEPORTIVO PARA CABALLERO COMPOSICIÓN EN TELA 100% POLIÉSTER; COMPUESTO DE CHAMARRA EN COLOR GRIS, CON DOS BOLSAS AL FRENTE A LA ALTURA DEL ABDOMEN TIPO OJAL, CIERRE AL FRENTE, GORRO; PANTS COLOR GRIS, DOS BOLSAS LATERALES, RESORTE EN LA CINTURA, CORTE RECTO. SEGÚN MUESTRA JPC01.","2026-03-31 11:48:04","2026-03-31 11:48:04"
51,89,"JUEGO DEPORTIVO PARA CABALLERO COMPOSICIÓN EN TELA 100% POLIÉSTER; COMPUESTO DE CHAMARRA EN COLOR NEGRO, CON DOS BOLSAS AL FRENTE A LA ALTURA DEL ABDOMEN TIPO OJAL, CUELLO ALTO CON VELCRO PARA OCULTAR GORRO, CIERRE AL FRENTE, GORRO; PANTS COLOR GRIS, DOS BOLSAS LATERALES, RESORTE EN LA CINTURA, CORTE RECTO. SEGÚN MUESTRA JPC05.","2026-03-31 11:48:04","2026-03-31 11:48:04"
52,90,"JUEGO DEPORTIVO PARA DAMA EN COLOR NEGRO, CONFECCIONADO EN TELA 100% POLIÉSTER; CHAMARRA CON DOS BOLSILLOS AL FRENTE TIPO CANGURO, CIERRE AL FRENTE, GORRO, PANTS COLOR NEGRO, AJUSTE ELÁSTICO EN CINTURA, DOS BOLSAS LATERALES. SEGÚN MUESTRA JPD03.","2026-03-31 11:48:04","2026-03-31 11:48:04"
53,91,"JUEGO DEPORTIVO PARA DAMA EN COLOR NEGRO, CONFECCIONADO EN TELA 100% POLIÉSTER; SUDADERA CON GORRO, BOLSILLO AL FRENTE TIPO CANGURO, PANTS COLOR NEGRO, AJUSTE ELÁSTICO EN CINTURA, DOS BOLSAS LATERALES. SEGÚN MUESTRA JPD05.","2026-03-31 11:48:04","2026-03-31 11:48:04"
54,11,"PANTALÓN DE GABARDINA PARA CABALLERO COLOR VERDE OLIVO, CONFECCIONADO EN 98% ALGODÓN 2% ELASTANO, CUATRO BOLSILLOS, DOS AL FRENTE DIAGONALES Y DOS TRASEROS TIPO OJAL, TIRO MEDIO, CORTE RECTO, PIERNA Y VALENCIANA RELAJADA, CIERRE DE CARRO METÁLICO EN BRAGUETA Y BOTÓN PLÁSTICO PARA AJUSTE, CINCO PRESILLAS. SEGÚN MUESTRA PGC03.","2026-03-31 11:48:04","2026-03-31 11:48:04"
55,12,"PANTALÓN DE GABARDINA PARA CABALLERO COLOR AZUL MARINO, COMPOSICIÓN 57% ALGODÓN 43% POLIÉSTER, CINCO BOLSILLOS: TRES AL FRENTE Y DOS ATRÁS, CIERRE DE CARRO METÁLICO, EN BRAGUETA Y BOTÓN METÁLICO PARA AJUSTE, REMACHES METÁLICOS EN BOLSILLOS DELANTEROS, CORTE REGULAR, CINTURA ALTA, PIERNA RELAJADA Y VALENCIANA PARA BOTA, CINCO PRESILLAS. SEGÚN MUESTRA PGC15.","2026-03-31 11:48:04","2026-03-31 11:48:04"
56,13,"PANTALÓN DE GABARDINA PARA CABALLERO COLOR TABACO, COMPOSICIÓN 98% ALGODÓN 2% ELASTANO, CUATRO BOLSILLOS:  DOS AL FRENTE DIAGONALES Y DOS ATRÁS TIPO OJAL CON BOTÓN, CIERRE DE CARRO METÁLICO EN BRAGUETA Y BOTÓN PLÁSTICO PARA AJUSTE, CORTE SLIM, PIERNA Y VALENCIANA SEMI JUSTO, CINCO PRESILLAS. SEGÚN MUESTRA PGC19.","2026-03-31 11:48:04","2026-03-31 11:48:04"
57,14,"PANTALÓN DE GABARDINA PARA CABALLERO COLOR AZUL MARINO, COMPOSICIÓN 98% ALGODÓN 2% ELASTANO, CINCO BOLSILLOS: TRES AL FRENTE Y DOS ATRÁS, CORTE SLIM, PIERNA AJUSTADA, VALENCIANA SEMI AJUSTADA, CIERRE DE CARRO METÁLICO EN BRAGUETA Y BOTÓN METÁLICO, CINCO PRESILLAS, REMACHES METÁLICOS EN BOLSILLOS DELANTEROS. SEGÚN MUESTRA PGC23.","2026-03-31 11:48:04","2026-03-31 11:48:04"
58,17,"PANTALÓN DE GABARDINA PARA DAMA, COLOR NEGRO, COMPOSICIÓN 97% ALGODÓN 3% ELASTANO, CINCO BOLSILLOS; TRES AL FRENTE Y DOS ATRÁS, CINTURA MEDIA, CORTE RECTO, PIERNA Y VALENCIANA RELAJADA, CIERRE DE CARRO METÁLICO EN BRAGUETA, UN BOTÓN METÁLICO PARA AJUSTE, REMACHES METÁLICOS EN BOLSILLOS DELANTEROS, CINCO PRESILLAS. SEGÚN MUESTRA PGD04.","2026-03-31 11:48:04","2026-03-31 11:48:04"
59,18,"PANTALÓN DE GABARDINA PARA DAMA, COLOR NEGRO, COMPOSICIÓN 97% ALGODÓN 3% ELASTANO, DOS BOLSILLOS EN DIAGONAL AL FRENTE, DOS BOLSAS SIMULADAS ATRÁS TIPO OJAL, CORTE SKINNY, PIERNA Y VALENCIANA AJUSTADA, CIERRE DE CARRO METÁLICO EN BRAGUETA, UN BOTÓN DE PLÁSTICO PARA AJUSTE, CINCO PRESILLAS. SEGÚN MUESTRA PDG08.","2026-03-31 11:48:04","2026-03-31 11:48:04"
60,19,"PANTALÓN DE GABARDINA PARA DAMA, COLOR AZUL MARINO, COMPOSICIÓN 98% ALGODÓN 2% ELASTANO, CINTURA ALTA, CORTE RECTO, PIERNA Y VALENCIANA RELAJADA, CIERRE DE CARRO METÁLICO Y BOTÓN METÁLICO EN BRAGUETA PARA AJUSTE, CINCO BOLSILLOS: TRES AL FRENTE Y DOS ATRÁS, REMACHES METÁLICOS EN BOLSILLOS DELANTEROS, CINCO PRESILLAS. SEGÚN MUESTRA PGD13","2026-03-31 11:48:04","2026-03-31 11:48:04"
61,96,"PLAYERA TIPO POLO PARA DAMA COLOR CORAL, COMPOSICIÓN EN 50% ALGODÓN 50% POLIÉSTER, MANGA CORTA, 3 BOTONES AL FRENTE, TEJIDO EN CUELLOS Y PUÑO EN COLOR CORAL, DISEÑO BORDADO EN PECHO IZQUIERDO COLOR AZUL MARINO. SEGÚN MUESTRA PLD08.","2026-03-31 11:48:04","2026-03-31 11:48:04"
62,1,"PANTALÓN DE MEZCLILLA PARA CABALLERO, COLOR AZUL MARINO, COMPOSICIÓN 64 % ALGODÓN 36% POLIÉSTER, CUATRO BOLSILLOS: DOS AL FRENTE Y DOS ATRÁS, CINTURA MEDIA, CORTE RECTO, CIERRE DE CARRO METÁLICO EN BRAGUETA, UN BOTÓN METÁLICO PARA AJUSTE, REMACHES METÁLICOS EN BOLSILLOS DELANTEROS, SEIS PRESILLAS. SEGÚN MUESTRA PMC06.","2026-03-31 11:48:04","2026-03-31 11:48:04"
63,2,"PANTALÓN DE MEZCLILLA PARA CABALLERO, COLOR ÍNDIGO OBSCURO, COMPOSICIÓN 99% ALGODÓN 1% ELASTANO, CUATRO BOLSILLOS: TRES AL FRENTE Y DOS ATRÁS, CORTE SEMI AJUSTADO, CIERRE DE CARRO METÁLICO EN BRAGUETA, UN BOTÓN METÁLICO PARA AJUSTE, REMACHES METÁLICOS EN BOLSILLOS DELANTEROS, SEIS PRESILLAS. SEGÚN MUESTRA PMC09.","2026-03-31 11:48:04","2026-03-31 11:48:04"
64,3,"PANTALÓN DE MEZCLILLA PARA CABALLERO, COLOR NEGRO, COMPOSICIÓN 84% ALGODÓN, 14% POLIÉSTER 2% ELASTANO, CINCO BOLSILLOS: TRES AL FRENTE Y DOS ATRÁS, CORTE AJUSTADO, TIRO BAJO, VALENCIANA AJUSTADA, PIERNA AJUSTADA, CIERRE DE CARRO METÁLICO EN BRAGUETA, UN BOTÓN METÁLICO PARA AJUSTE, REMACHES METÁLICOS EN BOLSILLOS DELANTEROS, CINCO PRESILLAS. SEGÚN MUESTRA PMC14.","2026-03-31 11:48:04","2026-03-31 11:48:04"
65,4,"PANTALÓN DE MEZCLILLA PARA CABALLERO COLOR AZUL JASPEADO, COMPOSICIÓN 99% ALGODÓN 1% ELASTANO, CINCO BOLSILLOS: TRES AL FRENTE Y DOS ATRÁS, CIERRE DE CARRO METÁLICO EN BRAGUETA Y BOTÓN METÁLICO PARA JUSTE, CORTE SLIM, PIERNA AJUSTADA, VALENCIANA SEMI AJUSTADA, CON REMACHES METÁLICOS EN LOS BOLSILLOS Y CINCO PRESILLAS. SEGÚN MUESTRA PMC20.","2026-03-31 11:48:04","2026-03-31 11:48:04"
66,5,"PANTALÓN DE MEZCLILLA PARA CABALLERO COLOR AZUL ÍNDIGO, COMPOSICIÓN 99% ALGODÓN 1% ELASTANO, CINCO BOLSILLOS: TRES AL FRENTE Y DOS ATRÁS, CORTE SLIM, TIRO BAJO, PIERNA AJUSTADA, VALENCIANA SEMI AJUSTADA CIERRE DE CARRO METÁLICO EN BRAGUETA Y BOTÓN METÁLICO PARA AJUSTE, CON REMACHES METÁLICOS EN BOLSILLOS Y CINCO PRESILLAS. SEGÚN MUESTRA PMC23.","2026-03-31 11:48:04","2026-03-31 11:48:04"
67,7,"PANTALÓN DE MEZCLILLA PARA DAMA COLOR STONE, COMPOSICIÓN 98% ALGODÓN, 2% ELASTANO, CINCO BOLSILLOS: TRES AL FRENTE Y DOS ATRÁS, TIRO MEDIO, CIERRE DE CARRO METÁLICO EN BRAGUETA Y BOTÓN METÁLICO PARA AJUSTE, CORTE RECTO, PIERNA Y VALENCIANA RELAJADA, CON REMACHES METÁLICOS EN BOLSILLOS DELANTEROS, CINCO PRESILLAS. SEGÚN MUESTRA PMD03.","2026-03-31 11:48:04","2026-03-31 11:48:04"
68,8,"PANTALÓN DE MEZCLILLA PARA DAMA COLOR AZUL MARINO COMPOSICIÓN 87% ALGODÓN 11% POLIÉSTER 2% ELASTANO, CINCO BOLSILLOS: TRES AL FRENTE Y DOS ATRÁS, CINTURA ALTA, CIERRE DE CARRO METÁLICO EN BRAGUETA Y DOS BOTONES METÁLICOS PARA AJUSTE, CORTE SKINNY, CON REMACHES METÁLICOS EN LOS BOLSILLOS DELANTEROS, PUSH UP, CINCO PRESILLAS. SEGÚN MUESTRA PMD09.","2026-03-31 11:48:04","2026-03-31 11:48:04"
69,9,"PANTALÓN DE MEZCLILLA PARA DAMA COLOR STONE OBSCURO, COMPOSICIÓN 83% ALGODÓN 16% POLIÉSTER 1% ELASTANO, CINCO BOLSILLOS: TRES AL FRENTE Y DOS ATRÁS, CINTURA ALTA, CIERRE DE CARRO METÁLICO EN BRAGUETA, UN BOTÓN METÁLICO PARA JUSTE, CORTE RECTO, PIERNA Y VALENCIANA RELAJADA, CON REMACHES COLOR BRONCE EN BOLSILLOS DELANTEROS, CINCO PRESILLAS. SEGÚN MUESTRA PMD23.","2026-03-31 11:48:04","2026-03-31 11:48:04"
70,16,"PANTALÓN DE VESTIR PARA CABALLERO COLOR NEGRO, COMPOSICIÓN 65% POLIÉSTER 35% VISCOSA, CUATRO BOLSILLOS, DOS AL FRENTE EN DIAGONAL, DOS ATRÁS CON UN SOLO BOTÓN PLÁSTICO LADO DERECHO, CIERRE METÁLICO EN BRAGUETA CON AJUSTE DE CINTURA DE GANCHO Y BOTÓN PLÁSTICO, CORTE RECTO, CINTURA REGULAR, SEIS PRESILLAS. SEGÚN MUESTRA PVC01.","2026-03-31 11:48:04","2026-03-31 11:48:04"
71,20,"PANTALÓN DE VESTIR PARA DAMA COLOR GRIS OXFORD, TOBILLO CON APERTURA, CONFECCIONADO EN TELA 100% POLIÉSTER, CORTE RECTO, CINTURA MEDIA, CIERRE METÁLICO Y BOTÓN PLÁSTICO PARA AJUSTE DE LA PRENDA AL FRENTE, SIN BOLSAS. SEGÚN MUESTRA PVD01.","2026-03-31 11:48:04","2026-03-31 11:48:04"
72,53,"ZAPATO DE VESTIR PARA CABALLERO COLOR NEGRO, CORTE VACUNO ACABADO PIEL LISA, FORRO TEXTIL, SUELA SINTÉTICA COLOR NEGRO, PLANTILLA DE RES, OCHO OJILLOS PERFORADOS, AJUSTE DE AGUJETAS COLOR NEGRO, DETALLES PERFORADOS EN CHALECO Y PUNTA, PESPUNTES VISIBLES, PUNTA OVALADA. SEGÚN MUESTRA ZC06.","2026-03-31 11:48:04","2026-03-31 11:48:04"
73,55,"ZAPATO CASUAL PARA CABALLERO COLOR CAFÉ CORTE VACUNO ACABADO PIEL TEXTURIZADA, FORRO TEXTIL, SUELA SINTÉTICA COLOR BLANCO, DETALLE DE ORIFICIOS A LOS COSTADOS, SEIS OJILLOS PERFORADOS, AJUSTE ELÁSTICO, AJUSTE DE AGUJETA COLOR CAFÉ, CINTA PARA FACILITAR CALZADO, PESPUNTES VISIBLES, PUNTA REDONDA. SEGÚN MUESTRA ZC22.","2026-03-31 11:48:04","2026-03-31 11:48:04"
74,56,"ZAPATO DE VESTIR PARA CABALLERO COLOR NEGRO CORTE BORREGO ACABADO PIEL LISA, FORRO BORREGO, SUELA SINTÉTICA COLOR NEGRO, RESORTE EN LATERALES PARA AJUSTE, OCHO OJILLOS PERFORADOS, AJUSTE DE AGUJETA COLOR NEGRO, PESPUNTES VISIBLES, PUNTA OVALADA. SEGÚN MUESTRA ZC29.","2026-03-31 11:48:04","2026-03-31 11:48:04"
75,57,"ZAPATO TIPO SNEAKER PARA CABALLERO COLOR NAPA NEGRO, CORTE SINTÉTICO, ACABADO LISO, FORRO TEXTIL, SUELA SINTÉTICA COLOR BLANCO, PLANTILLA SINTÉTICA, PESPUNTES VISIBLES, REFUERZO TEXTIL EN PUNTAS Y LATERALES, DIEZ OJILLOS PERFORADOS, DOS OJILLOS METÁLICOS, AJUSTE DE AGUJETA COLOR NEGRO, PUNTERA REDONDA. SEGÚN MUESTRA ZC32.","2026-03-31 11:48:04","2026-03-31 11:48:04"
76,58,"ZAPATO DE VESTIR PARA CABALLERO COLOR CAFÉ, CORTE SINTÉTICO, ACABADO LISO, FORRO TEXTIL, SUELA SINTÉTICA COLOR CAFÉ, SEIS OJILLOS PERFORADOS, DOS OJILLOS METÁLICOS, AJUSTE DE AGUJETA COLOR CAFÉ, AJUSTE DE RESORTE PARA MEJORAR, PUNTERA REDONDA, CON CINTA PARA FACILITAR EL CALZADO. SEGÚN MUESTRA ZC37.","2026-03-31 11:48:04","2026-03-31 11:48:04"
77,59,"ZAPATO TIPO SNEAKER PARA CABALLERO COLOR MARINO, CORTE SINTÉTICO, ACABADO TEXTURIZADO, FORRO TEXTIL, SUELA SINTÉTICA COLOR BLANCO, DOCE OJILLOS PERFORADOS, AJUSTE DE AGUJETAS COLOR MARINO, REFUERZO EN PUNTA Y TALÓN, PESPUNTES VISIBLES, PUNTERA REDONDA. SEGÚN MUESTRA ZC51.","2026-03-31 11:48:04","2026-03-31 11:48:04"
78,60,"ZAPATO DE VESTIR PARA DAMA TIPO MOCASÍN COLOR NEGRO, CORTE BOVINO ACABADO PIEL CHAROL, FORRO TEXTIL ACOJINADO, SUELA SINTÉTICA COLOR NEGRO, HEBILLA METÁLICA EN EMPEINE, PESPUNTES VISIBLES, PUNTERA REDONDA. SEGÚN MUESTRA ZD03.","2026-03-31 11:48:04","2026-03-31 11:48:04"
79,64,"ZAPATO DE VESTIR PARA DAMA COLOR DORADO, CORTE VACUNO ACABADO EN PIEL LISA Y FRENTE CON PERFORACIONES, FORRO SINTÉTICO ACOJINADO, SUELA SINTÉTICA COLOR HUESO, CON PLATAFORMA, AJUSTE DE RESORTE EN LATERALES, PLANTILLA DE CERDO, REFUERZO EN TOBILLO, PESPUNTES VISIBLES. SEGÚN MUESTRA ZD35.","2026-03-31 11:48:04","2026-03-31 11:48:04"
80,119,"RESPIRADOR MEDIA CARA DE DOS FILTROS, PARA PROTECCIÓN MULTI-GAS/VAPORES ORGÁNICOS, CON CARTUCHOS INCLUIDOS Y BANDAS ELÁSTICAS AJUSTABLES. CUMPLE CON LA APROBACIÓN KOSHA. SEGÚN MUESTRA AC05.","2026-03-31 11:48:04","2026-03-31 11:48:04"
81,123,"LINTERNA LED DE MANO RECARGABLE FABRICADA EN PLÁSTICO, 350 LÚMENES, PILA RECARGABLE DE ION LITIO PROTECCIÓN IPX3 CONTRA AGUA Y POLVO INCLUYE CABLE USB DE CARGA. SEGÚN MUESTRA AC10.","2026-03-31 11:48:04","2026-03-31 11:48:04"
82,145,"GUANTE DE CARNAZA UNITALLA PARA ELECTRICISTA Y PROCESO DE SOLDADURA LIGERA, PUÑO CORTO CON AJUSTE EN MUÑECA, REFUERZO EN PALMAS. SEGÚN MUESTRA AC38.","2026-03-31 11:48:04","2026-03-31 11:48:04"
83,156,"MANDIL DE CARNAZA PARA SOLDAR COLOR AMARILLO, CORTE VACUNO, CINTAS PARA AJUSTE DE CINTURA Y CINTA EN CUELLO. SEGÚN MUESTRA AC51.","2026-03-31 11:48:04","2026-03-31 11:48:04"
84,151,"GUANTE PARA EL FRIO UNISEX, COLOR NEGRO, FABRICADO EN 100% POLIÉSTER CON FORRO TEXTIL, CON AJUSTADOR DE HEBILLA, APLICACIONES DE PUNTOS NEGROS EN LA PALMA ANTIDERRAPANTE. SEGÚN MUESTRA AC57.","2026-03-31 11:48:04","2026-03-31 11:48:04"
85,76,"BOTA PARA CABALLERO COLOR CAFÉ, ACABADO TIPO NOBUK, CORTE VACUNO, FORRO TEXTIL, SUELA SINTÉTICA COLOR BLANCA, SIN BULLÓN, DOS OJILLOS METÁLICOS COLOR NATURAL, SEIS OJILLOS PERFORADOS, AJUSTE DE AGUJETA COLOR CAFÉ, CINTA PARA FACILITAR EL CALZADO, FORRO INTERIOR ACOJINADO, PESPUNTES VISIBLES, GRABADO DE LOGO EN PARTE EXTERIOR. SEGÚN MUESTRA BC43.","2026-03-31 11:48:04","2026-03-31 11:48:04"
86,80,"BOTA PARA DAMA COLOR BRONCE, CORTE VACUNO ACABADO PIEL CRAZY, FORRO TEXTIL ACOJINADO, SUELA SINTÉTICA COLOR CAFÉ OSCURO, BULLÓN GAMUZA, DIEZ OJILLOS METÁLICOS, AGUJETA COLOR CAFÉ, GRABADO DE LOGO EN PARTE EXTERIOR. SEGÚN MUESTRA BD09.","2026-03-31 11:48:04","2026-03-31 11:48:04"
87,83,"BOTA PARA DAMA COLOR CAFÉ, CORTE VACUNO, ACABADO PIEL NOBUK, FORRO TEXTIL, SUELA SINTÉTICA COLOR BEIGE, OCHO OJILLOS METÁLICOS Y DOS HERRAJES METÁLICOS, CIERRE EN LATERAL INTERNO, AGUJETA COLOR CAFÉ, BULLÓN ACABADO PIEL NOBUK, INTERIOR ACOJINADO, GRABADO DE LOGO EN LA PARTE EXTERIOR, PESPUNTES VISIBLES. SEGÚN MUESTRA BD35.","2026-03-31 11:48:04","2026-03-31 11:48:04"
88,35,"BLUSA DE MEZCLILLA MANGA LARGA PARA DAMA EN COLOR AZUL CLARO, CONFECCIONADA 100% ALGODÓN, BOLSILLO A LA ALTURA DEL PECHO LADO IZQUIERDO, FALDÓN CURVO, SIETE BOTONES EN LA PARTE DELANTERA, CUELLO SPORT, ALETILLA, PINZAS DELANTERAS Y TRASERAS. SEGÚN MUESTRA BM01.","2026-03-31 11:48:04","2026-03-31 11:48:04"
89,28,"BLUSA DE VESTIR PARA DAMA, SIN MANGA, COLOR LIMÓN, CONFECCIONADA EN TELA 100% POLIÉSTER, CUELLO REDONDO, DOS BOTONES DE AJUSTE EN LA ESPALDA A LA ALTURA DEL CUELLO EN COLOR PLATA, CINTA Y RESORTE EN LA PARTE INFERIOR PARA AJUSTE. SEGÚN MUESTRA BV01.","2026-03-31 11:48:04","2026-03-31 11:48:04"
90,86,"CONJUNTO DE 3 PIEZAS PARA DAMA: SACO CONFECCIONADO EN TELA 94% POLIÉSTER Y 6% ELASTANO, FORRO 100% POLIÉSTER, CUELLO TIPO MAO CON BIES AZUL MARINO, COLOR BLANCO CON DETALLES MULTICOLOR, DOS BOLSAS SIMULADAS AL FRENTE A LA ALTURA DEL ABDOMEN, PINZAS AL FRENTE A LA ALTURA DEL PECHO, TRES COSTURAS EN LA PARTE DE ATRÁS. FALDA: CONFECCIONADA EN TELA 93% P0LIESTER 7% ELASTANO, COLOR GAZUL REY, CORTE RECTO, CIERRE METÁLICO Y BOTÓN PLÁSTICO DE AJUSTE. BLUSA: CONFECCIONADA EN TELA 100% POLIÉSTER, COLOR BLANCO, CUELLO REDONDO, MANGA CORTA, ENCAJE DECORATIVO AL FRENTE, CINTAS DE AJUSTE EN CINTURA. SEGÚN MUESTRA CP03.","2026-03-31 11:48:04","2026-03-31 11:48:04"
91,44,"CHALECO PARA CABALLERO COLOR CAFÉ CLARO, CONFECCIONADO EN TELA 100% POLIÉSTER, FORRO POLIÉSTER, CAPITONEADO HORIZONTAL, CUELLO ALTO, DOS BOLSILLOS AL FRENTE A LA ALTURA DEL ABDOMEN, CIERRE DE CARRO METÁLICO AL FRENTE. SEGÚN MUESTRA CHALC04","2026-03-31 11:48:04","2026-03-31 11:48:04"
92,45,"CHALECO PARA CABALLERO COLOR OLIVO, FORRO POLIÉSTER, CONFECCIONADO EN TELA 100% POLIÉSTER, CAPITONEADO EN ROMBOS, CUELLO ALTO, DOS BOLSILLOS AL FRENTE A LA ALTURA DEL ABDOMEN, CIERRE DE CARRO METÁLICO AL FRENTE, BOLSA OCULTA DE LADO IZQUIERDO A LA ALTURA DEL ABDOMEN. SEGÚN MUESTRA CHALC09.","2026-03-31 11:48:04","2026-03-31 11:48:04"
93,46,"CHALECO PARA CABALLERO COLOR AZUL ACERO, FORRO POLIÉSTER AFELPADO, CONFECCIONADO EN TELA 100% POLIÉSTER, BOLSAS AL FRENTE A LA ALTURA DEL ABDOMEN, CUELLO ALTO, CIERRE DE CARRO METÁLICO AL FRENTE, REPELENTE AL AGUA. SEGÚN MUESTRA CHALC13.","2026-03-31 11:48:04","2026-03-31 11:48:04"
94,47,"CHALECO PARA DAMA COLOR OLIVO, CONFECCIONADO EN TELA 100% POLIÉSTER, FORRO POLIÉSTER, CORTE CON SILUETA, CAPITONEADO HORIZONTAL, BOLSAS AL FRENTE A LA ALTURA DEL ABDOMEN, CIERRE DE CARRO METÁLICO AL FRENTE, CUELLO TIPO MAO, CON RESORTE EN LA PARTE DE ATRÁS, REPELENTE AL AGUA. SEGÚN MUESTRA CHALD06.","2026-03-31 11:48:04","2026-03-31 11:48:04"
95,48,"CHALECO PARA DAMA COLOR ARENA, CONFECCIONADO EN TELA 100% POLIÉSTER, FORRO POLIÉSTER AFELPADO, CAPITONEADO HORIZONTAL, BOLSAS AL FRENTE A LA ALTURA DEL ABDOMEN, CIERRE DE CARRO METÁLICO AL FRENTE, CUELLO ALTO. SEGÚN MUESTRA CHALD12.","2026-03-31 11:48:04","2026-03-31 11:48:04"
96,27,"CAMISA DE MEZCLILLA MANGA LARGA PARA CABALLERO COLOR AZUL CLARO, CONFECCIONADA 100% ALGODÓN, BOLSILLO CON BOTÓN PLÁSTICO A LA ALTURA DEL PECHO LADO IZQUIERDO, PUÑOS FUSIONADOS CON BOTÓN DE AJUSTE PLÁSTICO, ALETILLA Y SIETE BOTONES PLÁSTICOS AL FRENTE. SEGÚN MUESTRA CM01.","2026-03-31 11:48:04","2026-03-31 11:48:04"
97,25,"CAMISA DE VESTIR MANGA LARGA PARA CABALLERO COLOR BLANCO, ESTAMPADO DE LÍNEAS, EN VERTICAL COLOR CELESTE, EN HORIZONTAL EN COLOR VERDE LIMÓN, COMPOSICIÓN 60% POLIÉSTER 40% ALGODÓN, CUELLO FUSIONADO CON DOS BOTONES DE AJUSTE, PUÑOS FUSIONADOS CON DOBLE BOTÓN DE AJUSTE, SIETE BOTONES DE AJUSTE EN COLOR CELESTE, FALDÓN CURVO, DOS BOTONES DE REPUESTO, BOLSILLO A LA ALTURA DEL PECHO LADO IZQUIERDO. SEGÚN MUESTRA CV43.","2026-03-31 11:48:04","2026-03-31 11:48:04"
98,95,"PLAYERA TIPO POLO PARA CABALLERO COLOR VERDE PETRÓLEO, COMPOSICIÓN EN 50% ALGODÓN 50% POLIÉSTER, MANGA CORTA, 3 BOTONES AL FRENTE, CUELLO Y PUÑOS TEJIDOS CON DETALLES EN COLOR GRIS Y MARINO, DISEÑO BORDADO EN PARTE FRONTAL INFERIOR IZQUIERDA COLOR BLANCO. SEGÚN MUESTRA PLC02.","2026-03-31 11:48:04","2026-03-31 11:48:04"
99,6,"PANTALÓN DE MEZCLILLA PARA CABALLERO COLOR AZUL TONO ALTO CONFECCIONADO EN TELA 99% ALGODÓN 1% ELASTANO, CINCO BOLSILLOS: TRES AL FRENTE Y DOS ATRÁS, CIERRE DE CARRO METÁLICO EN BRAGUETA Y BOTÓN METÁLICO PARA AJUSTE, CORTE RECTO, CINTURA ALTA, PIERNA RELAJADA, VALENCIANA PARA BOTA Y CINCO PRESILLAS. SEGÚN MUESTRA PMC30.","2026-03-31 11:48:04","2026-03-31 11:48:04"
100,10,"PANTALÓN DE MEZCLILLA PARA DAMA COLOR AZUL CLARO, CONFECCIONADO EN 62% ALGODÓN, 32% POLIÉSTER, 4% RAYÓN, 2% ELASTANO, CINCO BOLSILLOS TRES AL FRENTE Y DOS ATRÁS, CINTURA MEDIA, CIERRE DE CARRO METÁLICO EN BRAGUETA Y BOTÓN METÁLICO PARA AJUSTE, CORTE RECTO, PUSH UP, PIERNA Y VALENCIANA RECTO, CON REMACHES METÁLICOS EN LOS BOLSILLOS DELANTEROS, CINCO PRESILLAS. SEGÚN MUESTRA PMD25.","2026-03-31 11:48:04","2026-03-31 11:48:04"
101,67,"TENIS PARA DAMA COLOR ARENA, DETALLES EN COLOR CAFÉ, CORTE SINTÉTICO, FORRO TEXTIL, SUELA SINTÉTICA COLOR BLANCO/CAFÉ, INTERIOR ACOJINADO, REFUERZO EN TOBILLO Y PUNTERA, ACABADO GAMUZA, OCHO OJILLOS PERFORADOS, 2 OJILLOS METÁLICOS, AJUSTE DE AGUJETA COLOR BEIGE, PESPUNTES VISIBLES, GRABADO DE LOGO EN LA PARTE EXTERIOR. SEGÚN MUESTRA TD06.","2026-03-31 11:48:04","2026-03-31 11:48:04"
102,54,"ZAPATO PARA CABALLERO COLOR TAN, CORTE VACUNO ACABADO PIEL TEXTURIZADA, FORRO TEXTIL, SUELA SINTÉTICA COLOR CAFÉ, PLANTILLA DE RES, OCHO OJILLOS PERFORADOS, AJUSTE DE AGUJETA COLOR CAFÉ, DETALLE DE PERFORACIONES EN LATERALES Y EMPEINE, PESPUNTES VISIBLES, PUNTA REDONDA. SEGÚN MUESTRA ZC14.","2026-03-31 11:48:04","2026-03-31 11:48:04"
103,65,"ZAPATO DE VESTIR PARA DAMA COLOR ARENA, CORTE VACUNO, ACABADO PIEL, FORRO CERDO, SUELA SINTÉTICA COLOR ARENA CON PLATAFORMA, PLANTILLA DE CERDO, CON CINTAS GRUESAS, CUATRO PERFORACIONES CON HEBILLA METÁLICA, PESPUNTES VISIBLES. SEGÚN MUESTRA ZD23.","2026-03-31 11:48:04","2026-03-31 11:48:04"
104,102,"MALETA DEPORTIVA COLOR NEGRO CON COMPARTIMENTO PRINCIPAL CON CIERRE DOBLE, DOS BOLSILLOS LATERALES, BOLSA DE MALLA Y CIERRE EN LADO DERECHO Y BOLSA DE CIERRE EN LADO IZQUIERDO, MANGOS DOBLE Y CORREAS PARA EL HOMBRO, FABRICADA EN POLIÉSTER 100%. SEGÚN MUESTRA AC02.","2026-03-31 11:48:04","2026-03-31 11:48:04"
105,124,"LÁMPARA LED DE MANO, CUERPO DE ALUMINIO, 500 LÚMENES, UTILIZA PILA RECARGABLE, LENTE CON LUPA, PROTECCIÓN CONTRA POLVO Y AGUA Y CARGADOR, TRES MODOS DE ILUMINACIÓN, ALTO, MEDIO, BAJO, INTERMITENTE Y SOS. SEGÚN MUESTRA AC11.","2026-03-31 11:48:04","2026-03-31 11:48:04"
106,136,"CONJUNTO IMPERMEABLE DE DOS PIEZAS COLOR AMARILLO: CHAMARRA QUE INCLUYE AJUSTE CON CORDÓN, CIERRE TIPO ZIPPER REFORZADO DE PLÁSTICO, SOLAPA CON 4 BROCHES DE AJUSTE A PRESIÓN, CAPUCHA, PANTALÓN CON AJUSTE ELÁSTICO EN LA CINTURA, REFUERZO EN ENTREPIERNA; AJUSTE DE BROCHES EN MUÑECAS Y PIERNAS, REFLEJANTES DE 2""/5 CM PLASTIFICADOS EN BRAZOS Y PIERNAS. SEGÚN MUESTRA AC131.","2026-03-31 11:48:04","2026-03-31 11:48:04"
107,118,"FAJA DE PROTECCIÓN, FABRICADO CON DOBLE MALLA ELÁSTICA TRANSPIRABLE DE FIBRAS SINTÉTICAS, CON 3 VARILLAS PARA SOPORTE LUMBAR Y CIERRE CON VELCRO. SEGÚN MUESTRA AC14.","2026-03-31 11:48:04","2026-03-31 11:48:04"
108,135,"IMPERMEABLE TIPO GABARDINA COLOR AMARILLO, FABRICADO EN PVC DE 5 CM DE ESPESOR EN BRAZOS, FORRO INTERIOR DE POLIÉSTER, CAPUCHA AJUSTABLE CON CORDÓN, CIERRE Y/O BROCHES A PRESIÓN PARA EL CIERRE DE LA PRENDA CAPA DE VENTILACIÓN EN ESPALDA Y ABERTURAS BAJO LOS BRAZOS BOLSILLOS DE PARCHE CON SOLAPA AL FRENTE. SEGÚN MUESTRA AC28.","2026-03-31 11:48:04","2026-03-31 11:48:04"
109,112,"LENTES DE SEGURIDAD CON PATILLAS AJUSTABLES, MICA AZUL ESPEJO DE POLICARBONATO CON PROTECCIÓN UV Y ANTIRAYADURAS, PUENTE SUAVE. CUMPLE CON LA NORMA ANSI Z87.1. SEGÚN MUESTRA AC32.","2026-03-31 11:48:04","2026-03-31 11:48:04"
110,125,"SLEEPING COLOR AZUL MARINO, COMPOSICIÓN FORRO Y REVESTIMIENTO 100% POLIÉSTER INCLUYE CAPUCHA, CIERRE DE CARRO METÁLICO, BOLSA DE TRANSPORTE. SEGÚN MUESTRA AC36.","2026-03-31 11:48:04","2026-03-31 11:48:04"
111,116,"BOTA PANTALONERA COLOR NEGRO, FABRICADA CON PETO DE PVC (CLORURO DE POLIVINILO) AHULADO SELLADO A LA BOTA DE PVC 100% IMPERMEABLE, CON TIRANTES ELÁSTICOS AJUSTABLES. SEGÚN MUESTRA AC52.","2026-03-31 11:48:04","2026-03-31 11:48:04"
112,97,"GORRA TIPO BEISBOLERA EN COLOR MARINO DETALLES DE MALLA EN LATERALES BIES EN LATERALES AJUSTE DE HERRAJE METÁLICO EN LA PARTE TRASERA, VISERA MARINA. SEGÚN MUESTRA AC80.","2026-03-31 11:48:04","2026-03-31 11:48:04"
113,107,"BATA PARA ASISTENTE EDUCATIVO COLOR MEZCLILLA, CONFECCIONADAS EN 100% ALGODÓN, DETALLE EN LATERALES CUADRICULADO ROSA, SIN MANGAS, DOS BOLSAS AL FRENTE, CINTA DE AJUSTE EN LATERALES. SEGÚN MUESTRA BAE02.","2026-03-31 11:48:04","2026-03-31 11:48:04"
114,70,"BOTA PARA CABALLERO COLOR CAFÉ, CORTE VACUNO ACABADO PIEL LISA, FORRO TEXTIL, SUELA SINTÉTICA COLOR NEGRA/CAFÉ, BULLÓN ACABADO NOBUK, CATORCE OJILLOS METÁLICOS, AJUSTE DE AGUJETA COLOR CAFÉ, REFUERZO EN TOBILLO PESPUNTES VISIBLES, GRABADO DE LOGO EN LA PARTE EXTERIOR. SEGÚN MUESTRA BC05.","2026-03-31 11:48:04","2026-03-31 11:48:04"
115,73,"BOTA PARA CABALLERO COLOR COÑAC, CORTE SINTÉTICO ACABADO LISO, FORRO SINTÉTICO, SUELA SINTÉTICA COLOR BLANCO, BULLÓN SUPERIOR SINTÉTICO ACABADO TEXTURIZADO, DOCE OJILLOS PERFORADOS, AJUSTE DE AGUJETA CAFÉ, PESPUNTES VISIBLES, ETIQUETA DE LOGO EN LA PARTE EXTERIOR. SEGÚN MUESTRA BC27.","2026-03-31 11:48:04","2026-03-31 11:48:04"
116,82,"BOTA PARA DAMA COLOR CANELA, CORTE VACUNO, FORRO TEXTIL, ACABADO GAMUZA, SUELA SINTÉTICA COLOR BEIGE, CON AJUSTE DE RESORTE EN LATERALES, CINTA PARA FACILITAR EL CALZADO GRABADO DE LOGO EN LA PARTE EXTERIOR. SEGÚN MUESTRA BD28.","2026-03-31 11:48:04","2026-03-31 11:48:04"
117,105,"BATA DE MÉDICO PARA CABALLERO MANGA LARGA COLOR BLANCO, CONFECCIONADO EN 100% ALGODÓN, CUELLO CON SOLAPA, ALETILLA Y CUATRO BOTONES PARA CERRAR LA PRENDA, ABERTURAS LATERALES, TRES BOLSAS AL FRENTE, CINTA TRASERA CON DOS BOTONES. SEGÚN MUESTRA BMC01.","2026-03-31 11:48:04","2026-03-31 11:48:04"
118,106,"BATA DE MÉDICO PARA DAMA MANGA LARGA COLOR BLANCO, CONFECCIONADO EN 100% POLIÉSTER, CUELLO CON SOLAPA, ALETILLA Y TRES BOTONES PARA CERRAR LA PRENDA, DOS BOLSILLOS DELANTEROS, CINTA TRASERA, DOS PINZAS AL FRENTE Y EN LA PARTE DE ATRÁS.  SEGÚN MUESTRA BMD01.","2026-03-31 11:48:04","2026-03-31 11:48:04"
119,34,"BLUSA DE VESTIR PARA DAMA, MANGA CORTA TIPO TULIPÁN, COLOR MIL RAYAS AZUL CIELO, CONFECCIONADA EN TELA 100% POLIÉSTER, CUELLO FUSIONADO, SEIS BOTONES DE AJUSTE AL FRENTE, Y BOTÓN DE REPUESTO, DOS PINZAS AL FRENTE Y DOS EN ESPALDA, CORTE CON SILUETA, FALDÓN CURVO. SEGÚN MUESTRA BV79.","2026-03-31 11:48:04","2026-03-31 11:48:04"
120,50,"CHALECO TIPO REPORTERO UNISEX COLOR CAQUI, CONFECCIONADO EN TELA GABARDINA 100% ALGODÓN, CIERRE AL FRENTE, CATORCE BOLSILLOS AL FRENTE, CUATRO CON CIERRE, DIEZ CON BROCHE DE PRESIÓN, UNO EN ESPALDA CON CIERRE Y TRES AL INTERIOR, DOS CON CIERRE Y UNO CON BROCHE DE PRESIÓN. SEGÚN MUESTRA CHALR01.","2026-03-31 11:48:04","2026-03-31 11:48:04"
121,93,"FILIPINA PARA CABALLERO MANGA CORTA COLOR AZUL CLARO JASPEADO, COMPOSICIÓN 65% POLIÉSTER 35% ACRÍLICO, CUELLO TIPO MAO, CINCO BOTONES AL FRENTE COLOR AZUL, DOS BOLSAS AL FRENTE A LA ALTURA DEL ABDOMEN, UNA BOLSA A LA ALTURA DEL PECHO LADO IZQUIERDO. SEGÚN MUESTRA FL01.","2026-03-31 11:48:04","2026-03-31 11:48:04"
122,94,"FILIPINA PARA DAMA, MANGA 3/4 COLOR BLANCO, COMPOSICIÓN 65% POLIÉSTER 35% ACRÍLICO, CUELLO TIPO SPORT, ESCOTE EN V, CINCO BOTONES AL FRENTE COLOR BLANCO, DOS BOLSAS AL FRENTE A LA ALTURA DEL ABDOMEN, CINTA DECORATIVA EN ESPALDA, CORTE CON SILUETA, BIES COLOR ROSA EN MANGAS Y BOLSAS.  SEGÚN MUESTRA FL07.","2026-03-31 11:48:04","2026-03-31 11:48:04"
123,110,"OVEROL UNISEX COLOR AZUL REY, CONFECCIONADO EN GABARDINA 100% ALGODÓN, CON CINTA REFLEJANTE EN BRAZOS Y PIERNAS, CIERRE REFORZADO AL FRENTE CON DOBLE ACCIÓN, DOS BROCHES DE PRESIÓN EN LA PARTE SUPERIOR DEL CIERRE, DOS BOLSAS DE PARCHE EN LA PARTE SUPERIOR, DOS BOLSAS LATERALES EN DIAGONAL, DOS ABERTURAS A LA CADERA. SEGÚN MUESTRA OV01.","2026-03-31 11:48:04","2026-03-31 11:48:04"
124,66,"TENIS PARA CABALLERO COLOR BEIGE/CAMEL, CORTE SINTÉTICO, FORRO SINTÉTICO, SUELA SINTÉTICA COLOR BLANCO, DOCE OJILLOS PERFORADOS, AJUSTE DE AGUJETA COLOR BLANCO, INTERIOR ACOJINADO, REFUERZO EN EL TALÓN Y PUNTERA, PESPUNTES VISIBLES, GRABADO DE LOGO EN LA PARTE EXTERIOR. SEGÚN MUESTRA TC09.","2026-03-31 11:48:04","2026-03-31 11:48:04"
125,61,"ZAPATO TIPO SNEAKER PARA DAMA TIPO COLOR GRIS METÁLICO, CORTE VACUNO ACABADO PIEL CABRA, FORRO DE CERDO ACOJINADO, SUELA SINTÉTICA COLOR BLANCO, REFUERZO EN TOBILLO, DIEZ OJILLOS PERFORADOS, AJUSTE DE AGUJETA COLOR GRIS, GRABADO TIPO NUCA COCODRILO, PESPUNTES VISIBLES. SEGÚN MUESTRA ZD13.","2026-03-31 11:48:04","2026-03-31 11:48:04"
126,62,"SANDALIA PARA DAMA COLOR CAFÉ/BLANCO, CORTE VACUNO ACABADO PIEL TERNERA, FORRO DE CERDO, SUELA SINTÉTICA COLOR BLANCO CON PLATAFORMA, CINCO OJILLOS PERFORADOS Y HEBILLA METÁLICA, TRES CINTAS GRUESAS PESPUNTES VISIBLES. SEGÚN MUESTRA ZD16.","2026-03-31 11:48:04","2026-03-31 11:48:04"
127,115,"BOTAS TIPO JARDINERA COLOR NEGRO, FABRICADA EN PVC, EMPEINE Y TOBILLOS CONFORTABLES, PUNTA REFORZADA, SUELA ANTIDERRAPANTE, ALTURA 35 CM. SEGÚN MUESTRA AC03.","2026-03-31 11:48:04","2026-03-31 11:48:04"
128,121,"RESPIRADOR DESECHABLE CON VÁLVULA, PARA PROTECCIÓN CONTRA POLVO Y PARTÍCULAS SIN ACEITE, PARA APLICACIONES INDUSTRIALES, BANDA ELÁSTICA AJUSTABLE Y PUENTE NASAL SUAVE. CUMPLE CON LA APROBACIÓN KOSHA. SEGÚN MUESTRA AC08","2026-03-31 11:48:04","2026-03-31 11:48:04"
129,130,"CASCO DE SEGURIDAD COLOR AMARILLO, TIPO 1 CLASE E, FABRICADO EN POLIETILENO DE ALTA DENSIDAD CON AJUSTADOR DE MATRACA, RESISTENCIA ELÉCTRICA HASTA DE 20,000 V. CUMPLE CON LA NORMA NOM-115-STPS-2009 Y ANSI/ISEA-Z89.1-2014. SEGÚN MUESTRA AC2.","2026-03-31 11:48:04","2026-03-31 11:48:04"
130,152,"GUANTE DE MEDIO DEDO PARA PESISTA COLOR NEGRO, CONFECCIONADO EN PIEL, FORRO SINTÉTICO, CON AJUSTADOR VELCRO CON DISEÑO ERGONÓMICO. SEGÚN MUESTRA AC60.","2026-03-31 11:48:04","2026-03-31 11:48:04"
131,104,"PORTAFOLIO COLOR NEGRO, CONFECCIONADO 100% POLIÉSTER Y FORRO 100% POLIAMIDA, SEIS BOLSAS CON CIERRE, CINTA AJUSTABLE, AGARRADERA CON VELCRO, ESPACIO PARA LAPTOP. SEGÚN MUESTRA AC64.","2026-03-31 11:48:04","2026-03-31 11:48:04"
132,111,"CHALECO DE SEGURIDAD ROJO, FABRICADO EN TELA POLIÉSTER, CON CINTAS DE ALTA VISIBILIDAD AL FRENTE Y EN LA ESPALDA, CIERRE FRONTAL VERTICAL, SEIS BOLSAS FRONTALES: DOS CON CIERRE, DOS TIPOS PARCHE Y DOS CON VELCRO; Y UNA BOLSA TRASERA CON VELCRO. SEGÚN MUESTRA AC77","2026-03-31 11:48:04","2026-03-31 11:48:04"
133,26,"CAMISOLA DE GABARDINA MANGA LARGA PARA CABALLERO COLOR CAQUI, COMPOSICIÓN 40% POLIÉSTER 60% ALGODÓN, CON DOS PORTAS CHARRETERAS CON BOTÓN PLÁSTICO, DOS BOLSILLOS CON BOTÓN PLÁSTICO A LA ALTURA DEL PECHO, PUÑOS FUSIONADOS CON BOTÓN DE AJUSTE PLÁSTICO Y PINZA EN MANGA. SEGÚN MUESTRA CG01.","2026-03-31 11:48:04","2026-03-31 11:48:04"
134,63,"SANDALIA PARA DAMA COLOR MEZCLILLA, CORTE VACUNO ACABADO TEXTURIZADO, FORRO DE CERDO, SUELA SINTÉTICA COLOR CAFÉ CON TACÓN, CHINELA GRUESA, CINTA DE AJUSTE CON CINCO PERFORACIONES Y HEBILLA METÁLICA, PESPUNTES VISIBLES. SEGÚN MUESTRA ZD25.","2026-03-31 11:48:04","2026-03-31 11:48:04"
135,120,"RESPIRADOR MEDIA CARA DE UN FILTRO, PARA PROTECCIÓN MULTIGAS/VAPORES ORGÁNICOS, BANDA ELÁSTICA AJUSTABLE, NO INCLUYE CARTUCHO. SEGÚN MUESTRA AC07.","2026-03-31 11:48:04","2026-03-31 11:48:04"
136,148,"GUANTES UNITALLA EN COLOR BLANCO, FABRICADOS EN ALGODÓN CON APLICACIONES DE PUNTOS NEGROS DE PVC, TEJIDO ELÁSTICO EN MUÑECA. SEGÚN MUESTRA AC17.","2026-03-31 11:48:04","2026-03-31 11:48:04"
137,113,"GOGGLES DE SEGURIDAD DE VISIÓN PANORÁMICA O PERIFÉRICA, MICA TRASPARENTE DE POLICARBONATO CON PROTECCIÓN UV Y ANTIRAYADURAS, AJUSTADOR ELÁSTICO, ARMAZÓN SUAVE Y FLEXIBLE, CUMPLE CON LA NORMA ANSI Z87.1. SEGÚN MUESTRA AC24.","2026-03-31 11:48:04","2026-03-31 11:48:04"
138,77,"BOTA PARA CABALLERO COLOR NEGRO, ACABADO PIEL LISA, CORTE VACUNO, FORRO TEXTIL, SUELA SINTÉTICA COLOR NEGRO, CON BULLÓN ACOJINADO, OCHO OJILLOS, CUATRO GANCHOS PLÁSTICOS, AJUSTE DE AGUJETA COLOR NEGRO, FORRO INTERIOR ACOJINADO, PESPUNTES VISIBLES, GRABADO DE LOGO EN PARTE EXTERIOR, CASQUILLO POLÍMERO, DIELÉCTRICAS, LIGERA RESISTENTE A IMPACTOS, NOM 113-STPS-2009 II+III. SEGÚN MUESTRA BC46.","2026-03-31 11:48:04","2026-03-31 11:48:04"
139,122,"CARTUCHO DE REPUESTO PARA RESPIRADOR DE PROTECCIÓN MULTI-GAS/VAPORES ORGÁNICOS. CUMPLE CON LA APROBACIÓN  KOSHA. SEGÚN MUESTRA AC06.","2026-03-31 11:48:04","2026-03-31 11:48:04"
140,155,"MANDIL PARA COCINERO EN FABRICADO EN TELA 100% POLIÉSTER, TRES BOLSAS AL FRENTE, CINTA AL CUELLO, CINTAS PARA AJUSTE EN LA CINTURA. SEGÚN MUESTRA AC112.","2026-03-31 11:48:04","2026-03-31 11:48:04"
141,126,"PORTA HERRAMIENTA GRANDE DE CARNAZA, CON 13 COMPARTIMIENTOS CON COSTURA REFORZADA Y CINTURÓN AJUSTABLE CON BROCHE DE PLÁSTICO. SEGÚN MUESTRA AC12.","2026-03-31 11:48:04","2026-03-31 11:48:04"
142,127,"PORTA HERRAMIENTA GRANDE DE POLIÉSTER, CON 20 COMPARTIMIENTOS, COSIDO Y REMACHADO, PORTA MARTILLOS, CLIP METÁLICO PARA FLEXÓMETRO Y CINTURÓN AJUSTABLE DE BROCHE DE PLÁSTICO. SEGÚN MUESTRA AC13.","2026-03-31 11:48:04","2026-03-31 11:48:04"
143,149,"GUANTE PARA MANEJO DE ARCHIVOS BLANCO, FABRICADO EN TELA 100 % ALGODÓN PARA MANEJO DE ARCHIVO. SEGÚN MUESTRA AC59.","2026-03-31 11:48:04","2026-03-31 11:48:04"
144,103,"MALETÍN PORTAHERRAMIENTAS COLOR GRIS Y NARANJA, FABRICADO EN 100% POLIÉSTER DE 300 DENIERS, RECUBIERTA EN SU INTERIOR DE POLI CLORURÓ DE VINILO (PVC), ASA CON VELCRO, CORREA AL HOMBRO Y SEIS COMPARTIMIENTOS. SEGÚN MUESTRA AC63.","2026-03-31 11:48:04","2026-03-31 11:48:04"
145,92,"SHORT DEPORTIVO COLOR NEGRO, CONFECCIONADO EN TELA 100% POLIÉSTER, ELÁSTICO EN CINTURA Y AJUSTE DE CINTA, DOS BOLSAS LATERALES. SEGÚN MUESTRA SH01.","2026-03-31 11:48:04","2026-03-31 11:48:04"
146,51,"SUÉTER PARA DAMA TIPO SACO EN COLOR AZUL MARINO, CONFECCIONADO EN TELA 100% ACRÍLICO, CORTE CON SILUETA, DOS BOLSAS AL FRENTE, TRES BOTONES PLÁSTICOS AL FRENTE, CUELLO EN ""V"" MEDIA SOLAPA, DOS BOTONES PLÁSTICOS EN LA ESPALDA, APERTURA EN FALDÓN TRASERO. SEGÚN MUESTRA SW02.","2026-03-31 11:48:04","2026-03-31 11:48:04"
147,131,"CASCO DE SEGURIDAD CLASE C, FABRICADO EN ALUMINIO COLOR NATURAL, SUSPENSIÓN DE 4 PUNTOS, CON REFUERZO ADICIONAL EN LA PARTE SUPERIOR CENTRAL PARA SOPORTAR IMPACTOS. SEGÚN MUESTRA AC58.","2026-03-31 11:48:04","2026-03-31 11:48:04"
148,128,"FILTRO DE POLICARBONATO DEL NO. 12 PARA CARETA DE SOLDAR, RESISTENTE A LOS IMPACTOS. SEGÚN MUESTRA AC18.","2026-03-31 11:48:04","2026-03-31 11:48:04"
149,129,"PROTECTOR FACIAL CON MICA DE POLICARBONATO ANTIRAYADURAS, PARA PROTECCIÓN DE ROSTRO Y CUELLO, AJUSTADOR DE MATRACA. SEGÚN MUESTRA AC19.","2026-03-31 11:48:04","2026-03-31 11:48:04"
150,134,"CARETA PARA SOLDAR COLOR NEGRO CON LENTE ABATIBLE, PARA SOLDAR CON ELECTRODO, PROTECCIÓN TOTAL DE CARA Y CUELLO VENTANILLA MÓVIL, CON LENTES INTERCAMBIABLES SUSPENSIÓN TIPO MATRACA, FABRICADA EN PLÁSTICO CON SUSPENSIÓN DE AJUSTE TIPO MATRACA, CUMPLE CON NORMA ANSI Z87.1. SEGÚN MUESTRA AC22.","2026-03-31 11:48:04","2026-03-31 11:48:04"
151,139,"AHUYENTADOR DE PERROS FABRICADO PLÁSTICO RESISTENTE A IMPACTOS, PORTÁTIL, COMPACTO Y LIGERO, FUNCIONA CON BATERÍA DE 9V. SEGÚN MUESTRA AC34.","2026-03-31 11:48:04","2026-03-31 11:48:04"
152,133,"CASCO PARA CICLISTA COLOR BLANCO CON DETALLE ROJO, CON SISTEMA DE AJUSTE, CON VENTILACIÓN, IDEAL PARA ADULTOS. SEGÚN MUESTRA AC75.","2026-03-31 11:48:04","2026-03-31 11:48:04"
153,15,"PANTALÓN DE GABARDINA GACELA PARA CABALLERO EN COLOR CAQUI, COMPOSICIÓN 40% POLIÉSTER 60% ALGODÓN, CUATRO BOLSILLOS, DOS AL FRENTE DIAGONAL, DOS ATRÁS CON UN SOLO BOTÓN LADO IZQUIERDO CINTURA MEDIA, CIERRE EN BRAGUETA CON GANCHO Y BOTÓN, CORTE RECTO, SIETE PRESILLAS. SEGÚN MUESTRA PGG01.","2026-03-31 11:48:04","2026-03-31 11:48:04"
154,154,"GORRO PARA PANADERO EN COLOR NEGRO, CONFECCIONADO EN TELA 65% POLIÉSTER 35% ACRÍLICO. SEGÚN MUESTRA AC113.","2026-03-31 11:48:04","2026-03-31 11:48:04"
155,68,"CHANCLA UNISEX, TIPO PATA DE GALLO, EN COLOR NEGRO, MATERIAL DE SUELA SINTÉTICA, MATERIAL DE PLANTILLA SINTÉTICA. SEGÚN MUESTRA AC15.","2026-03-31 11:48:04","2026-03-31 11:48:04"
156,114,"GOGGLES PARA NATACIÓN TRANSPARENTE CON CORREA FÁCILMENTE AJUSTABLE, LENTES CON VENTANA LATERAL, ANTIEMPAÑANTES, PUENTE PARA LA NARIZ, SIN FILTRACIONES DE AGUA, CON PROTECCIÓN UV. SEGÚN MUESTRA AC43.","2026-03-31 11:48:04","2026-03-31 11:48:04"
157,157,"MANDIL DE HULE COLOR NEGRO, FLEXIBLE, PARA PROTECCIÓN DE PRENDAS DE VESTIR CONTRA SUSTANCIAS NO CORROSIVAS, CINTA PARA EL CUELLO Y CINTAS PARA AJUSTE EN LA CINTURA. SEGÚN MUESTRA AC55.","2026-03-31 11:48:04","2026-03-31 11:48:04"
158,99,"TRAJE DE BAÑO DE NATACIÓN PARA DAMA, COLOR NEGRO ELABORADO CON TELA RESISTENTE AL CLORO, COMPOSICIÓN 50% POLIÉSTER RECICLADO, 50% POLIÉSTER. SEGÚN MUESTRA AC62.","2026-03-31 11:48:04","2026-03-31 11:48:04"
